/* Facility Insertions */
INSERT INTO FACILITY VALUES("SpitakiEna",14);
INSERT INTO FACILITY VALUES("SpitakiDio",14);
INSERT INTO FACILITY VALUES("SpitakiTria",14);
INSERT INTO FACILITY VALUES("SpitakiTessera",14);
INSERT INTO FACILITY VALUES("GypedoBasket",100);
INSERT INTO FACILITY VALUES("GypedoVoley",50);
INSERT INTO FACILITY VALUES("GypedoToxovolias",50);
INSERT INTO FACILITY VALUES("GypedoTennis",25);
INSERT INTO FACILITY VALUES("GypedoPodosfairou",150);
INSERT INTO FACILITY VALUES("Pisina",25);
INSERT INTO FACILITY VALUES("Kouzina",10);
INSERT INTO FACILITY VALUES("Trapezaria",200);
INSERT INTO FACILITY VALUES("Iatreio",5);
INSERT INTO FACILITY VALUES("Amfitheatro",500);
INSERT INTO FACILITY VALUES("XwroiYgieinhs",50);

/* FACILITY_WORKHOURS Insertions*/
INSERT INTO FACILITY_WORKHOURS VALUES("00:00:00","23:59:59","SpitakiEna");    /*24h*/
INSERT INTO FACILITY_WORKHOURS VALUES("00:00:00","23:59:59","SpitakiDio");    /*24h*/
INSERT INTO FACILITY_WORKHOURS VALUES("00:00:00","23:59:59","SpitakiTria");    /*24h*/
INSERT INTO FACILITY_WORKHOURS VALUES("00:00:00","23:59:59","SpitakiTessera");   /*24h*/
INSERT INTO FACILITY_WORKHOURS VALUES("10:00:00","14:00:00","GypedoBasket");
INSERT INTO FACILITY_WORKHOURS VALUES("16:00:00","19:00:00","GypedoBasket");     /* 10 - 14, 16-19 */
INSERT INTO FACILITY_WORKHOURS VALUES("10:00:00","14:00:00","GypedoVoley");
INSERT INTO FACILITY_WORKHOURS VALUES("16:00:00","19:00:00","GypedoVoley");  /* 10 - 14, 16-19 */
INSERT INTO FACILITY_WORKHOURS VALUES("10:00:00","14:00:00","GypedoToxovolias");  /* 10 - 14 */
INSERT INTO FACILITY_WORKHOURS VALUES("10:00:00","14:00:00","GypedoTennis",25);  /* 10 - 14 */
INSERT INTO FACILITY_WORKHOURS VALUES("10:00:00","14:00:00" "GypedoPodosfairou");
INSERT INTO FACILITY_WORKHOURS VALUES("16:00:00","19:00:00" "GypedoPodosfairou"); /* 10 - 14,16-19 */
INSERT INTO FACILITY_WORKHOURS VALUES("10:00:00","14:30:00","Pisina");   /* 12 - 14:30 */
INSERT INTO FACILITY_WORKHOURS VALUES("07:00:00","10:00:00","Kouzina");
INSERT INTO FACILITY_WORKHOURS VALUES("12:00:00","16:00:00","Kouzina");
INSERT INTO FACILITY_WORKHOURS VALUES("18:00:00","21:00:00","Kouzina"); /* 7-10, 12-16, 18-21*/
INSERT INTO FACILITY_WORKHOURS VALUES("07:30:00","09:00:00","Trapezaria");
INSERT INTO FACILITY_WORKHOURS VALUES("13:00:00","15:30:00","Trapezaria");
INSERT INTO FACILITY_WORKHOURS VALUES("19:00:00","20:30:00","Trapezaria"); /* 7:30-9, 13-15:30, 19-20:30 */
INSERT INTO FACILITY_WORKHOURS VALUES("00:00:00","23:59:59","Iatreio",5);  /*24h*/
INSERT INTO FACILITY_WORKHOURS VALUES("00:00:00","23:59:59","Amfitheatro");   /*24h*/
INSERT INTO FACILITY_WORKHOURS VALUES("00:00:00","23:59:59","XwroiYgieinhs");   /*24h*/

/* ACTIVITY Insertions */
INSERT INTO ACTIVITY VALUES ("Proino","Trapezokouzina","2021-07-01 7:30:00", "2021-07-01 8:45:00","Trapezaria");
INSERT INTO ACTIVITY VALUES ("Meshmeriano","Trapezokouzina","2021-07-01 13:30:00", "2021-07-01 15:15","Trapezaria");
INSERT INTO ACTIVITY VALUES ("Bradino","Trapezokouzina","2021-07-01 19:00:00", "2021-07-01 20:30:00","Trapezaria");
INSERT INTO ACTIVITY VALUES ("Basket","Gypeda","2021-07-01 11:00:00", "2021-07-01 13:00:00","GypedoBasket");    /*SpitakiEna*/
INSERT INTO ACTIVITY VALUES ("Rythmiki", "Gypeda","2021-07-01 16:00:00", "2021-07-01 17:00:00","GypedoBasket");  /*SpitakiEna*/
INSERT INTO ACTIVITY VALUES ("Podosfairo","Gypeda","2021-07-01 17:00:00", "2021-07-01 18:30:00","GypedoPodosfairou");  /*SpitakiEna kai SpitakiDio*/
INSERT INTO ACTIVITY VALUES ("Toxovolia","Gypeda","2021-07-01 11:00:00", "2021-07-01 13:00:00","GypedoToxovolias");  /*SpitakiDio*/
INSERT INTO ACTIVITY VALUES ("Tennis", "Gypeda","2021-07-01 16:00:00", "2021-07-01 17:00:00","GypedoTennis");  /*SpitakiDio*/
INSERT INTO ACTIVITY VALUES ("KolympiPisina","Pisines","2021-07-01 12:00:00", "2021-07-01 14:00:00","Pisina");  /*SpitakiTria*/
INSERT INTO ACTIVITY VALUES ("Ekdromi","Vouno","2021-07-01 16:00:00", "2021-07-01 18:30:00",NULL);   /*SpitakiTria*/
INSERT INTO ACTIVITY VALUES ("KolympiThalassa","Thalassa","2021-07-01 10:00:00", "2021-07-01 13:30:00",NULL);   /*SpitakiTessera*/         
INSERT INTO ACTIVITY VALUES ("Basket","Gypeda","2021-07-01 17:00:00", "2021-07-01 18:30:00","GypedoBasket"); /*SpitakiTessera*/    

/* CAMP_EMPLOYEE */
INSERT INTO CAMP_EMPLOYEE VALUES(45266, "Antonis","Georgiou",25,0,1,"Gymnasths",2,0,NULL);
INSERT INTO CAMP_EMPLOYEE VALUES(47954, "Markos","Triantafyllou",32,0,1,"Mageiras",5,0,"Kouzina");
INSERT INTO CAMP_EMPLOYEE VALUES(15324, "Giannis","Bozinidis",19,0,1,"Foithths",1,0,"SpitakiEna");
INSERT INTO CAMP_EMPLOYEE VALUES(58914, "Tassos","Ioannou",20,0,1,"Foitiths",1,1,"SpitakiDio");
INSERT INTO CAMP_EMPLOYEE VALUES(45286, "Panagiota","Blaxopoulou",21,1,1,"Foititria",2,0,"SpitakiTria");
INSERT INTO CAMP_EMPLOYEE VALUES(87595, "Georgia","Papadimitriou",20,1,1,"Foititria",1,1,"SpitakiTessera");
INSERT INTO CAMP_EMPLOYEE VALUES(47746, "Alexandros","Xristodoulou",41,0,1,"Iatros",2,0,"Iatreio");
INSERT INTO CAMP_EMPLOYEE VALUES(76574, "Xristos","Alexiou", 30, 0,1,"Fylakas",5,0,"Amfitheatro");
INSERT INTO CAMP_EMPLOYEE VALUES(69745,"Maria","Anastasopoulou",42,1,1,"Katharistria",10,0,"XwroiYgieinhs");
INSERT INTO CAMP_EMPLOYEE VALUES(58746, "Aggeliki","Athanasiou",25,1,1,"Gymnastria",2,0,NULL);

/* RESPONSIBLE */
INSERT INTO RESPONSIBLE VALUES(45266,"Toxovolia",h);
INSERT INTO RESPONSIBLE VALUES(47954,"Basket",h);
INSERT INTO RESPONSIBLE VALUES(15324,"Rythmiki",h);
INSERT INTO RESPONSIBLE VALUES(58914,"Ekdromi",h);

/* PARTICIPATE */
INSERT INTO PARTICIPATE VALUES("Basket","omiros",1);
INSERT INTO PARTICIPATE VALUES("Toxovolia","athina",1);
INSERT INTO PARTICIPATE VALUES("Ekdromi","tilemaxos",5);
INSERT INTO PARTICIPATE VALUES("Tennis","omiros",1);
INSERT INTO PARTICIPATE VALUES("Basket","athina",1);
INSERT INTO PARTICIPATE VALUES("Rythmiki","artimis",1);

/* CAMP TEAM */
INSERT INTO CAMP_TEAM VALUES("tilemaxos",0,"11-13",13,NULL,15324);    
INSERT INTO CAMP_TEAM VALUES("omiros",0,"14-16",13,NULL,58914); 
INSERT INTO CAMP_TEAM VALUES("artimis",1,"11-13",13,NULL,45286); 
INSERT INTO CAMP_TEAM VALUES("athina",1,"14-16",13,NULL,87595); 

